{
	"wool" : { 
		"textures" : "wool", 
		"sound": "cloth"
	},
	"hardened_clay" : { 
		"isotropic" : false,
		"textures" : "hardened_clay",
		"sound": "stone"
	},
	"red_sandstone" : { 
		"isotropic" : {"up" : true, "down" : true},
		"textures" : { "up" : "redsandstone_top", "down" : "redsandstone_bottom", "side" : "redsandstone_side"},
		"brightness_gamma" : 0.70,
		"sound": "stone"
	},
	"red_sand" : { 
		"isotropic" : false,
		"textures" : "red_sand",
		"sound": "sand"
	},
	"purpur_block": {
		"blockshape" : "tree",
		"textures" : { "up" : "purpur_block_top", "down" : "purpur_block_bottom", "side" : "purpur_block_side"},
		"sound": "stone" 
	},
	"quartz_ore" : { 
		"textures" : "quartz_ore",
		"sound": "stone"
	},
	"red_nether_brick": {
    		"textures": "red_nether_brick",
		"brightness_gamma": 0.80,
		"sound": "stone"
  	},

}